,date,time,latitude,longitude,deepness,md,ml,mw,place
7,2024.02.15,11:56:38,40.3062 ,27.0120,9.3 ,0.0,2.5,0.0,DISBUDAK-LAPSEKI (CANAKKALE)
8,2024.02.15,11:43:09,37.4823 ,37.1412,4.7 ,0.0,2.3,0.0,DOGANLIKARAHASAN-PAZARCIK (KAHRAMANMARAS)
9,2024.02.15,11:08:41,39.1977 ,27.7535,5.0 ,0.0,1.5,0.0,BAYAT-SOMA (MANISA)
10,2024.02.15,10:46:25,37.9795 ,27.1510,4.5 ,0.0,1.7,0.0,KUSADASI KORFEZI (EGE DENIZI)
11,2024.02.15,10:41:07,38.5513 ,39.3138,5.0 ,0.0,1.5,0.0,IKITEPE-(ELAZIG)
12,2024.02.15,10:37:49,37.1768 ,36.0607,0.4 ,0.0,2.9,0.0,GUNLUCE-CEYHAN (ADANA)
13,2024.02.15,10:28:34,40.5080 ,27.5415,3.5 ,0.0,1.8,0.0,AVSA-MARMARA (BALIKESIR)
14,2024.02.15,10:03:51,39.5913 ,26.0462,7.8 ,0.0,2.4,0.0,TAVAKLI ACIKLARI-CANAKKALE (EGE DENIZI)
15,2024.02.15,09:45:35,37.9580 ,36.3087,2.5 ,0.0,2.3,0.0,KAZANDERE-GOKSUN (KAHRAMANMARAS)
16,2024.02.15,09:43:49,38.2237 ,38.0235,7.8 ,0.0,2.3,0.0,CUMHURIYET-YESILYURT (MALATYA)
17,2024.02.15,09:38:18,38.7922 ,37.4163,5.0 ,0.0,1.6,0.0,YUVA-GURUN (SIVAS)
18,2024.02.15,09:24:59,38.5928 ,37.2655,2.5 ,0.0,1.2,0.0,HORHOR-ELBISTAN (KAHRAMANMARAS)
19,2024.02.15,09:07:35,38.0912 ,36.7750,5.8 ,0.0,1.8,0.0,KORKMAZ-GOKSUN (KAHRAMANMARAS)
20,2024.02.15,08:23:14,38.5097 ,37.3120,7.2 ,0.0,1.5,0.0,YENIKOY-DARENDE (MALATYA)
21,2024.02.15,08:18:52,37.8877 ,26.9408,3.9 ,0.0,2.0,0.0,KUSADASI KORFEZI (EGE DENIZI)
22,2024.02.15,08:14:52,38.6275 ,36.1248,5.2 ,0.0,1.4,0.0,SACLI-PINARBASI (KAYSERI)
23,2024.02.15,08:06:02,40.2138 ,31.7608,1.4 ,0.0,2.1,0.0,HIRKATEPE-BEYPAZARI (ANKARA)
24,2024.02.15,07:37:40,39.2408 ,27.7583,9.4 ,0.0,1.6,0.0,TEKELI ISIKLAR-SOMA (MANISA)
25,2024.02.15,07:33:05,38.1445 ,36.9208,1.3 ,0.0,2.2,0.0,SOGUCAK-AFSIN (KAHRAMANMARAS)
26,2024.02.15,07:30:35,38.1170 ,36.9970,5.5 ,0.0,1.6,0.0,CALIS-ELBISTAN (KAHRAMANMARAS)
27,2024.02.15,07:02:37,37.9705 ,37.4035,5.7 ,0.0,2.3,0.0,NURHAK (KAHRAMANMARAS)
28,2024.02.15,06:59:44,40.7612 ,30.8865,2.9 ,0.0,1.2,0.0,MUHAPDEDE-GOLYAKA (DUZCE)
29,2024.02.15,06:57:04,34.9825 ,31.8437,7.1 ,0.0,2.7,0.0,AKDENIZ
30,2024.02.15,06:44:30,37.1395 ,28.6152,3.6 ,0.0,1.1,0.0,ARICILAR-ULA (MUGLA)
31,2024.02.15,06:27:01,37.8977 ,36.5145,6.7 ,0.0,1.5,0.0,DEGIRMENDERE-GOKSUN (KAHRAMANMARAS)
32,2024.02.15,06:08:23,37.9760 ,38.1747,6.9 ,0.0,1.8,0.0,KAVAK-(ADIYAMAN)
33,2024.02.15,05:55:59,37.9082 ,26.9552,5.0 ,0.0,1.6,0.0,KUSADASI KORFEZI (EGE DENIZI)
34,2024.02.15,05:33:09,40.7088 ,30.6462,3.4 ,0.0,1.5,0.0,YUVALIK-AKYAZI (SAKARYA)
35,2024.02.15,05:31:36,37.1453 ,28.6232,8.9 ,0.0,2.7,0.0,ARICILAR-ULA (MUGLA)
36,2024.02.15,05:16:13,37.1908 ,36.0468,9.4 ,0.0,1.4,0.0,GUNLUCE-CEYHAN (ADANA)
37,2024.02.15,05:13:28,37.0892 ,28.6027,8.8 ,0.0,1.2,0.0,BALCILAR-KOYCEGIZ (MUGLA)
38,2024.02.15,05:12:21,38.3123 ,38.2340,4.5 ,0.0,1.2,0.0,YAKINCA-YESILYURT (MALATYA)
39,2024.02.15,05:08:21,37.1222 ,28.6275,9.6 ,0.0,1.1,0.0,KAVAKCALI-ULA (MUGLA)
40,2024.02.15,05:06:11,37.7222 ,36.4072,6.8 ,0.0,1.2,0.0,KALEBOYNU-ANDIRIN (KAHRAMANMARAS)
41,2024.02.15,05:03:45,37.9145 ,36.5198,3.6 ,0.0,1.0,0.0,DEGIRMENDERE-GOKSUN (KAHRAMANMARAS)
42,2024.02.15,04:59:31,38.6847 ,37.4503,1.9 ,0.0,0.9,0.0,YAZIKOY-DARENDE (MALATYA)
43,2024.02.15,04:56:43,34.4045 ,23.5480,5.0 ,0.0,2.2,0.0,GIRIT ADASI (AKDENIZ)
44,2024.02.15,04:53:41,37.0210 ,28.4637,9.3 ,0.0,0.6,0.0,KIZILYAKA-ULA (MUGLA)
45,2024.02.15,04:51:17,37.1447 ,28.6053,9.2 ,0.0,2.0,0.0,ARICILAR-ULA (MUGLA)
46,2024.02.15,04:45:35,38.4257 ,39.1100,5.0 ,0.0,2.1,0.0,KAMISLIK-SIVRICE (ELAZIG)
47,2024.02.15,04:38:07,36.9768 ,36.2533,7.5 ,0.0,1.8,0.0,GOKGOL-ERZIN (HATAY)
48,2024.02.15,04:34:51,38.3573 ,27.2427,5.4 ,0.0,1.0,0.0,ZAFER-BUCA (IZMIR)
49,2024.02.15,04:25:52,38.4247 ,37.3900,9.4 ,0.0,1.1,0.0,GAZIKOY-DARENDE (MALATYA)
50,2024.02.15,04:13:08,38.7627 ,37.3505,1.5 ,0.0,1.1,0.0,SULARBASI-GURUN (SIVAS)
51,2024.02.15,03:18:36,38.7462 ,31.3400,7.4 ,0.0,1.7,0.0,CUKURCAK-SULTANDAGI (AFYONKARAHISAR)
52,2024.02.15,03:13:35,37.0430 ,28.3080,0.7 ,0.0,0.9,0.0,AKYAKA-ULA (MUGLA)
53,2024.02.15,02:59:46,37.0478 ,28.3433,7.1 ,0.0,1.6,0.0,AKYAKA-ULA (MUGLA)
54,2024.02.15,02:55:24,37.0532 ,28.3393,4.2 ,0.0,3.4,3.5,AKYAKA-ULA (MUGLA)
55,2024.02.15,02:04:03,36.9457 ,27.9968,5.2 ,0.0,1.4,0.0,GOKOVA KORFEZI (AKDENIZ)
56,2024.02.15,01:55:39,38.5770 ,37.2613,6.3 ,0.0,1.8,0.0,HORHOR-ELBISTAN (KAHRAMANMARAS)
57,2024.02.15,01:12:00,37.1080 ,28.5582,8.8 ,0.0,1.0,0.0,KIYRA-ULA (MUGLA)
58,2024.02.15,01:11:40,37.1342 ,28.5843,6.9 ,0.0,1.3,0.0,ARICILAR-ULA (MUGLA)
59,2024.02.15,01:07:26,37.1498 ,28.6117,1.0 ,0.0,2.6,0.0,YAYLASOGUT-ULA (MUGLA)
60,2024.02.15,00:58:22,39.2258 ,27.8082,2.1 ,0.0,2.2,0.0,BADEMLI-KIRKAGAC (MANISA)
61,2024.02.15,00:52:11,38.1535 ,38.1245,4.7 ,0.0,2.2,0.0,YALINKAYA-YESILYURT (MALATYA)
62,2024.02.15,00:25:34,38.2843 ,37.7157,7.1 ,0.0,1.6,0.0,CEVIRME-AKCADAG (MALATYA)
63,2024.02.15,00:14:40,37.9873 ,37.0918,2.7 ,0.0,1.9,0.0,GAZILER-EKINOZU (KAHRAMANMARAS)
64,2024.02.15,00:10:59,36.6042 ,36.4470,6.6 ,0.0,1.4,0.0,SOGUTLUOZ-KIRIKHAN (HATAY)
65,2024.02.15,00:07:14,37.3548 ,36.8848,5.0 ,0.0,1.7,0.0,HACIBEBEK-TURKOGLU (KAHRAMANMARAS)
66,2024.02.15,00:00:21,38.4157 ,39.1030,5.0 ,0.0,2.5,0.0,KAMISLIK-SIVRICE (ELAZIG)
67,2024.02.14,23:13:29,37.6263 ,37.1830,3.9 ,0.0,1.5,0.0,KUCUKNACAR-(KAHRAMANMARAS)
68,2024.02.14,22:10:57,37.3240 ,37.0698,6.0 ,0.0,1.7,0.0,EMIROGLU-PAZARCIK (KAHRAMANMARAS)
69,2024.02.14,21:11:33,37.9750 ,27.1525,5.3 ,0.0,2.0,0.0,KUSADASI KORFEZI (EGE DENIZI)
70,2024.02.14,20:37:39,38.3003 ,37.8055,5.6 ,0.0,2.4,0.0,ORTAKOY-AKCADAG (MALATYA)
71,2024.02.14,20:31:57,38.0053 ,36.3258,4.1 ,0.0,2.0,0.0,HUGTAS-GOKSUN (KAHRAMANMARAS)
72,2024.02.14,18:47:03,38.3928 ,37.7462,5.0 ,0.0,1.3,0.0,GUNESLI-AKCADAG (MALATYA)
73,2024.02.14,18:43:32,38.3360 ,37.8270,1.8 ,0.0,3.2,3.3,GURKAYNAK-AKCADAG (MALATYA)
74,2024.02.14,18:22:47,38.5498 ,36.2575,5.0 ,0.0,1.3,0.0,ARTMAK-PINARBASI (KAYSERI)
75,2024.02.14,18:20:18,38.7097 ,36.3018,7.0 ,0.0,1.2,0.0,YUSUFLAR-PINARBASI (KAYSERI)
76,2024.02.14,17:48:45,38.0288 ,36.6200,2.0 ,0.0,1.5,0.0,KALEKOY-GOKSUN (KAHRAMANMARAS)
77,2024.02.14,17:39:29,41.0132 ,28.8337,2.4 ,0.0,1.4,0.0,BAHCELIEVLER (ISTANBUL)
78,2024.02.14,17:08:08,37.9628 ,36.5328,9.5 ,0.0,1.9,0.0,KIRECKOY-GOKSUN (KAHRAMANMARAS)
79,2024.02.14,17:02:24,36.2165 ,33.8215,3.8 ,0.0,1.2,0.0,AKDERE-SILIFKE (MERSIN)
80,2024.02.14,15:15:27,36.9305 ,26.5888,6.5 ,0.0,2.6,0.0,AKDENIZ
81,2024.02.14,14:58:06,38.5528 ,31.9663,6.5 ,0.0,1.7,0.0,BUYUKOBA-ILGIN (KONYA)
82,2024.02.14,12:38:10,38.1258 ,36.9000,5.7 ,0.0,1.6,0.0,KEMALPASA-GOKSUN (KAHRAMANMARAS)
83,2024.02.14,12:37:47,36.2142 ,28.9253,9.8 ,0.0,1.8,0.0,AKDENIZ
84,2024.02.14,12:28:08,37.6622 ,35.8378,5.4 ,0.0,1.3,0.0,CAMDERE-KOZAN (ADANA)
85,2024.02.14,11:56:43,35.7878 ,36.0283,9.5 ,0.0,4.2,0.0,TURKIYE-SURIYE SINIR BOLGESI
86,2024.02.14,11:30:54,37.9697 ,27.1020,2.2 ,0.0,2.0,0.0,KUSADASI KORFEZI (EGE DENIZI)
87,2024.02.14,10:56:27,36.3770 ,36.3110,0.1 ,0.0,3.1,3.2,GULOVA-KUMLU (HATAY)
88,2024.02.14,10:50:37,37.9557 ,36.2342,3.8 ,0.0,1.4,0.0,KALEBOYNU-GOKSUN (KAHRAMANMARAS)
89,2024.02.14,10:40:20,38.0843 ,36.7667,6.9 ,0.0,1.5,0.0,KORKMAZ-GOKSUN (KAHRAMANMARAS)
90,2024.02.14,10:10:28,37.3095 ,37.0357,5.0 ,0.0,2.7,0.0,CENNETPINARI-PAZARCIK (KAHRAMANMARAS)
91,2024.02.14,10:05:56,39.1073 ,42.3252,1.3 ,0.0,1.9,0.0,UCTEPE-BULANIK (MUS)
92,2024.02.14,09:50:36,39.5932 ,39.1777,6.2 ,0.0,2.3,0.0,MAKSUTUSAGI-KEMAH (ERZINCAN)
93,2024.02.14,08:58:49,37.2638 ,36.7767,2.3 ,0.0,1.8,0.0,SEKEROBA-TURKOGLU (KAHRAMANMARAS)
94,2024.02.14,08:39:08,38.2710 ,37.6850,5.4 ,0.0,1.2,0.0,HARUNUSAGI-AKCADAG (MALATYA)
95,2024.02.14,08:27:35,37.9380 ,36.0453,5.0 ,0.0,1.1,0.0,MAHMUTLU-SAIMBEYLI (ADANA)
96,2024.02.14,08:03:29,38.6807 ,26.5413,3.0 ,0.0,2.2,0.0,IZMIR KORFEZI (EGE DENIZI)
97,2024.02.14,07:36:16,40.2877 ,27.0295,2.8 ,0.0,1.6,0.0,HISARLI-BIGA (CANAKKALE)
98,2024.02.14,07:03:07,35.4568 ,27.1317,1.3 ,0.0,2.4,0.0,AKDENIZ
99,2024.02.14,06:21:02,37.9782 ,27.1730,1.7 ,0.0,2.1,0.0,KUSADASI KORFEZI (EGE DENIZI)
100,2024.02.14,05:37:38,40.3007 ,27.0282,4.9 ,0.0,2.7,0.0,HISARLI-BIGA (CANAKKALE)
101,2024.02.14,05:33:39,37.9008 ,36.6363,5.0 ,0.0,2.2,0.0,TEKIR-(KAHRAMANMARAS)
102,2024.02.14,05:29:45,37.4488 ,37.1100,1.2 ,0.0,1.4,0.0,SEYRANTEPE-PAZARCIK (KAHRAMANMARAS)
103,2024.02.14,05:22:43,36.0485 ,29.2923,7.3 ,0.0,1.3,0.0,KALKAN ACIKLARI-ANTALYA (AKDENIZ)
104,2024.02.14,05:06:22,37.9687 ,37.8553,9.1 ,0.0,1.4,0.0,KARANLIKDERE-DOGANSEHIR (MALATYA)
105,2024.02.14,04:24:32,38.3740 ,26.7137,7.6 ,0.0,1.6,0.0,IZMIR KORFEZI (EGE DENIZI)
106,2024.02.14,02:58:46,40.3005 ,27.0303,6.0 ,0.0,1.7,0.0,HISARLI-BIGA (CANAKKALE)
107,2024.02.14,02:43:41,40.8330 ,28.3207,7.4 ,0.0,2.4,0.0,MARMARA DENIZI
108,2024.02.14,01:59:41,38.1942 ,37.8455,2.5 ,0.0,1.7,0.0,DEDEYAZI-DOGANSEHIR (MALATYA)
109,2024.02.14,01:13:15,38.3830 ,38.7525,7.4 ,0.0,1.8,0.0,SALKIMLI-KALE (MALATYA)
110,2024.02.14,01:04:19,37.0045 ,27.7252,7.8 ,0.0,1.9,0.0,MAZIKOY-BODRUM (MUGLA)
111,2024.02.14,01:03:21,40.2993 ,27.0270,1.2 ,0.0,1.2,0.0,HISARLI-BIGA (CANAKKALE)
112,2024.02.14,01:03:02,40.2850 ,27.0263,2.1 ,0.0,1.9,0.0,HISARLI-BIGA (CANAKKALE)
113,2024.02.14,00:44:31,36.3138 ,36.1918,5.0 ,0.0,1.1,0.0,ANAYAZI-(HATAY)
114,2024.02.14,00:31:37,40.2977 ,27.0220,1.2 ,0.0,2.0,0.0,GURGENDERE-BIGA (CANAKKALE)
115,2024.02.14,00:11:49,35.7915 ,25.4990,5.2 ,0.0,3.2,3.2,GIRIT ADASI (AKDENIZ)
116,2024.02.14,00:04:05,38.0788 ,42.1590,7.4 ,0.0,2.4,0.0,KIRAZLI-SIRVAN (SIIRT)
117,2024.02.13,23:59:32,38.3735 ,37.9038,9.3 ,0.0,1.5,0.0,DEVELI-AKCADAG (MALATYA)
118,2024.02.13,23:54:51,38.0950 ,37.7980,5.2 ,0.0,1.4,0.0,FINDIKKOY-DOGANSEHIR (MALATYA)
119,2024.02.13,23:49:10,40.2932 ,27.0222,1.6 ,0.0,1.7,0.0,GURGENDERE-BIGA (CANAKKALE)
120,2024.02.13,23:45:43,38.0700 ,37.6997,2.6 ,0.0,1.5,0.0,BEGRE-DOGANSEHIR (MALATYA)
121,2024.02.13,23:38:13,40.2968 ,27.0223,0.5 ,0.0,2.3,0.0,GURGENDERE-BIGA (CANAKKALE)
122,2024.02.13,23:28:20,40.2900 ,27.0227,1.9 ,0.0,3.0,3.0,GURGENDERE-BIGA (CANAKKALE)
123,2024.02.13,23:26:44,40.2945 ,27.0197,1.0 ,0.0,1.9,0.0,GURGENDERE-BIGA (CANAKKALE)
124,2024.02.13,23:24:40,40.2988 ,27.0282,5.1 ,0.0,2.1,0.0,HISARLI-BIGA (CANAKKALE)
125,2024.02.13,22:38:12,40.1405 ,34.6030,7.3 ,0.0,1.6,0.0,SEKERHACILI-SUNGURLU (CORUM)
126,2024.02.13,22:22:11,38.7828 ,27.7530,3.7 ,0.0,1.6,0.0,BEYOBA-AKHISAR (MANISA)
127,2024.02.13,22:11:14,35.5697 ,27.2052,8.9 ,0.0,2.7,0.0,AKDENIZ
128,2024.02.13,22:01:04,36.5787 ,28.8408,9.8 ,0.0,1.5,0.0,FETHIYE KORFEZI (AKDENIZ)
129,2024.02.13,21:52:32,40.2958 ,27.0227,6.7 ,0.0,2.1,0.0,GURGENDERE-BIGA (CANAKKALE)
130,2024.02.13,21:51:17,38.2220 ,27.6643,3.6 ,0.0,1.0,0.0,TURAN-BAYINDIR (IZMIR)
131,2024.02.13,21:27:44,35.7307 ,25.5030,1.4 ,0.0,2.9,0.0,GIRIT ADASI (AKDENIZ)
132,2024.02.13,21:11:57,37.1757 ,36.9897,1.9 ,0.0,1.7,0.0,ATALAR-SEHITKAMIL (GAZIANTEP)
133,2024.02.13,21:05:17,40.9132 ,36.0645,7.9 ,0.0,1.7,0.0,SIHLI-LADIK (SAMSUN)
134,2024.02.13,20:57:22,35.7950 ,25.5818,8.5 ,0.0,2.1,0.0,AKDENIZ
135,2024.02.13,20:19:39,38.4332 ,37.3485,3.3 ,0.0,2.3,0.0,GAZIKOY-DARENDE (MALATYA)
136,2024.02.13,20:09:50,40.3087 ,29.3755,4.3 ,0.0,3.0,2.9,PASAYAYLA-YENISEHIR (BURSA)
137,2024.02.13,19:52:19,40.4102 ,28.8337,1.0 ,0.0,1.3,0.0,KUMYAKA-MUDANYA (BURSA)
138,2024.02.13,19:03:41,38.5025 ,39.1068,2.5 ,0.0,2.0,0.0,MOLLAALI-SIVRICE (ELAZIG)
139,2024.02.13,18:10:47,38.5455 ,37.2733,5.1 ,0.0,1.5,0.0,HORHOR-ELBISTAN (KAHRAMANMARAS)
140,2024.02.13,17:34:34,37.0390 ,31.3098,8.2 ,0.0,1.7,0.0,KARABUCAK-MANAVGAT (ANTALYA)
141,2024.02.13,17:22:01,38.2882 ,37.4373,8.6 ,0.0,1.4,0.0,KAVAKTEPE-ELBISTAN (KAHRAMANMARAS)
142,2024.02.13,16:19:32,37.0735 ,30.1798,9.4 ,0.0,3.0,0.0,KORKUTELI (ANTALYA)
143,2024.02.13,15:28:56,36.5372 ,36.5075,8.4 ,0.0,1.6,0.0,GULTEPE-KIRIKHAN (HATAY)
144,2024.02.13,15:25:01,40.6000 ,27.5648,3.5 ,0.0,3.1,0.0,MARMARA (BALIKESIR)
145,2024.02.13,14:50:53,37.9822 ,36.5958,8.8 ,0.0,2.0,0.0,KURUCAOVA-(KAHRAMANMARAS)
146,2024.02.13,14:32:34,38.1873 ,27.8687,6.7 ,0.0,1.3,0.0,ILKKURSUN-ODEMIS (IZMIR)
147,2024.02.13,14:23:38,35.8307 ,28.5570,5.1 ,0.0,3.1,0.0,AKDENIZ
148,2024.02.13,13:15:40,38.4580 ,37.5462,3.2 ,0.0,1.6,0.0,YENICE-DARENDE (MALATYA)
149,2024.02.13,12:59:05,39.4252 ,29.1963,0.0 ,0.0,1.8,0.0,KURECI-EMET (KUTAHYA)
150,2024.02.13,12:52:50,39.6165 ,29.4203,0.0 ,0.0,1.8,0.0,KAYAARASI-TAVSANLI (KUTAHYA)
151,2024.02.13,12:32:22,38.1430 ,36.5898,4.0 ,0.0,2.1,0.0,KOMURKOY-GOKSUN (KAHRAMANMARAS)
152,2024.02.13,12:26:10,39.8443 ,28.8562,0.0 ,0.0,1.8,0.0,CAKIRYENICE-BUYUKORHAN (BURSA)
153,2024.02.13,12:11:19,38.5568 ,37.9645,2.3 ,0.0,1.8,0.0,IRIAGAC-YAZIHAN (MALATYA)
154,2024.02.13,12:02:50,40.2605 ,27.0547,4.6 ,0.0,1.4,0.0,KOZCESME-BIGA (CANAKKALE)
155,2024.02.13,12:02:50,37.5143 ,37.1630,4.3 ,0.0,2.0,0.0,KARTAL-(KAHRAMANMARAS)
156,2024.02.13,11:57:55,37.1582 ,37.1983,0.0 ,0.0,1.4,0.0,DURNALIK-SEHITKAMIL (GAZIANTEP)
157,2024.02.13,11:52:28,37.1680 ,37.2100,0.0 ,0.0,1.2,0.0,YESILCE-SEHITKAMIL (GAZIANTEP)
158,2024.02.13,11:33:45,35.9525 ,28.7720,2.5 ,0.0,2.2,0.0,AKDENIZ
159,2024.02.13,11:30:10,40.7483 ,27.6408,0.2 ,0.0,1.7,0.0,MARMARA DENIZI
160,2024.02.13,11:07:40,38.6360 ,38.5380,2.4 ,0.0,1.5,0.0,EMIRHAN-BASKIL (ELAZIG)
161,2024.02.13,10:57:43,37.3035 ,36.8145,4.8 ,0.0,1.6,0.0,BEYOGLU-TURKOGLU (KAHRAMANMARAS)
162,2024.02.13,10:38:50,39.6720 ,39.5575,5.9 ,0.0,2.3,0.0,MAHMUTLU-(ERZINCAN)
163,2024.02.13,10:26:39,38.0170 ,27.1667,7.1 ,0.0,2.0,0.0,CILE-MENDERES (IZMIR)
164,2024.02.13,10:23:04,38.5503 ,39.1535,2.4 ,0.0,2.0,0.0,BALLICA-(ELAZIG)
165,2024.02.13,10:06:32,36.3940 ,40.0220,5.0 ,0.0,3.9,3.7,TURKIYE-SURIYE SINIR BOLGESI
166,2024.02.13,10:04:30,38.0915 ,38.4607,7.3 ,0.0,2.1,0.0,KARAKOSE-SINCIK (ADIYAMAN)
167,2024.02.13,09:49:30,37.7712 ,37.6363,1.8 ,0.0,1.8,0.0,GOLBASI (ADIYAMAN)
168,2024.02.13,09:27:04,37.9727 ,27.2218,5.5 ,0.0,1.9,0.0,ZEYTINKOY-SELCUK (IZMIR)
169,2024.02.13,08:28:01,40.4255 ,26.1612,0.5 ,0.0,1.7,0.0,SAROS KORFEZI (EGE DENIZI)
170,2024.02.13,07:43:03,38.6807 ,26.5657,0.5 ,0.0,2.4,0.0,IZMIR KORFEZI (EGE DENIZI)
171,2024.02.13,07:32:08,35.3302 ,27.6890,9.7 ,0.0,3.9,4.0,AKDENIZ
172,2024.02.13,06:01:54,40.4410 ,33.3637,1.3 ,0.0,2.1,0.0,KARAKOCAS-SABANOZU (CANKIRI)
173,2024.02.13,05:54:00,38.0633 ,36.4225,7.7 ,0.0,1.3,0.0,SOGUKPINAR-GOKSUN (KAHRAMANMARAS)
174,2024.02.13,05:48:57,38.8323 ,37.3477,5.0 ,0.0,1.4,0.0,KARADORUK-GURUN (SIVAS)
175,2024.02.13,05:31:48,38.2267 ,38.4265,0.9 ,0.0,1.7,0.0,UCGOZE-YESILYURT (MALATYA)
176,2024.02.13,05:31:17,40.2888 ,26.9985,4.1 ,0.0,1.3,0.0,GURGENDERE-BIGA (CANAKKALE)
177,2024.02.13,05:05:41,40.3727 ,27.0670,6.6 ,0.0,1.7,0.0,BEKIRLI-BIGA (CANAKKALE)
178,2024.02.13,05:01:19,40.2932 ,27.0293,2.1 ,0.0,1.6,0.0,HISARLI-BIGA (CANAKKALE)
179,2024.02.13,04:53:50,40.3018 ,27.0305,1.1 ,0.0,1.5,0.0,HISARLI-BIGA (CANAKKALE)
180,2024.02.13,04:52:39,40.2992 ,27.0193,2.2 ,0.0,2.1,0.0,GURGENDERE-BIGA (CANAKKALE)
181,2024.02.13,04:51:20,38.3432 ,38.6288,5.0 ,0.0,1.9,0.0,MERDIVENLER-(MALATYA)
182,2024.02.13,04:39:17,37.9232 ,36.2220,5.9 ,0.0,1.8,0.0,AKSAAGAC-SAIMBEYLI (ADANA)
183,2024.02.13,04:04:42,40.4663 ,33.3528,5.5 ,0.0,2.0,0.0,BAKIRLI-SABANOZU (CANKIRI)
184,2024.02.13,04:03:38,36.0442 ,29.4262,3.4 ,0.0,2.2,0.0,KALKAN ACIKLARI-ANTALYA (AKDENIZ)
185,2024.02.13,03:43:12,38.3457 ,37.3900,8.3 ,0.0,1.9,0.0,YALINTAS-ELBISTAN (KAHRAMANMARAS)
186,2024.02.13,03:40:16,38.1517 ,37.2965,6.9 ,0.0,1.8,0.0,AKBAYIR-ELBISTAN (KAHRAMANMARAS)
187,2024.02.13,03:26:38,37.8265 ,36.3762,5.3 ,0.0,2.1,0.0,KUCUKCAMURLU-GOKSUN (KAHRAMANMARAS)
188,2024.02.13,03:10:10,39.0153 ,29.7222,1.2 ,0.0,2.0,0.0,CUKUROREN-GEDIZ (KUTAHYA)
189,2024.02.13,02:59:45,38.5437 ,38.0593,5.4 ,0.0,1.5,0.0,CIVRIL-YAZIHAN (MALATYA)
190,2024.02.13,02:52:20,40.2918 ,27.0233,1.3 ,0.0,2.3,0.0,GURGENDERE-BIGA (CANAKKALE)
191,2024.02.13,02:50:40,37.9873 ,36.2017,5.0 ,0.0,2.2,0.0,KALEBOYNU-GOKSUN (KAHRAMANMARAS)
192,2024.02.13,02:24:06,38.0092 ,36.4097,5.0 ,0.0,2.5,0.0,ACIELMA-GOKSUN (KAHRAMANMARAS)
193,2024.02.13,02:07:49,37.9305 ,36.2323,4.5 ,0.0,2.1,0.0,AKSAAGAC-SAIMBEYLI (ADANA)
194,2024.02.13,01:40:15,37.8758 ,27.5942,5.0 ,0.0,3.0,0.0,GERMENCIK (AYDIN)
195,2024.02.13,01:22:12,40.8057 ,28.1560,5.6 ,0.0,1.8,0.0,SILIVRI ACIKLARI-ISTANBUL (MARMARA DENIZI)
196,2024.02.13,01:06:20,38.0737 ,37.2205,6.4 ,0.0,1.7,0.0,AKPINAR-EKINOZU (KAHRAMANMARAS)
197,2024.02.13,00:48:05,38.0067 ,36.5432,5.5 ,0.0,2.3,0.0,ASLANBEYCIFTLIGI-GOKSUN (KAHRAMANMARAS)
198,2024.02.13,00:30:11,38.4340 ,37.3530,2.2 ,0.0,1.2,0.0,GAZIKOY-DARENDE (MALATYA)
199,2024.02.13,00:22:59,36.3807 ,36.3017,5.3 ,0.0,1.6,0.0,GULOVA-KUMLU (HATAY)
200,2024.02.12,23:43:56,37.9360 ,36.3312,6.9 ,0.0,1.2,0.0,HACIKODAL-GOKSUN (KAHRAMANMARAS)
201,2024.02.12,23:18:44,40.2910 ,27.0240,0.8 ,0.0,1.9,0.0,GURGENDERE-BIGA (CANAKKALE)
202,2024.02.12,23:17:28,40.2625 ,27.0628,5.0 ,0.0,1.1,0.0,SELVI-BIGA (CANAKKALE)
203,2024.02.12,23:16:07,40.2867 ,27.0367,2.7 ,0.0,1.5,0.0,HISARLI-BIGA (CANAKKALE)
204,2024.02.12,23:14:11,37.2250 ,36.7265,5.2 ,0.0,2.2,0.0,BADEMLI-NURDAGI (GAZIANTEP)
205,2024.02.12,23:11:53,40.3022 ,27.0427,0.7 ,0.0,2.3,0.0,HISARLI-BIGA (CANAKKALE)
206,2024.02.12,23:11:25,40.1860 ,27.0738,9.0 ,0.0,2.4,0.0,TURKBAKACAK-BIGA (CANAKKALE)
207,2024.02.12,23:09:25,40.2882 ,27.0132,7.7 ,0.0,1.6,0.0,GURGENDERE-BIGA (CANAKKALE)
208,2024.02.12,23:03:50,37.6658 ,43.8095,5.0 ,0.0,2.2,0.0,KONAK-(HAKKARI)
209,2024.02.12,22:55:37,40.2900 ,27.0178,6.2 ,0.0,1.8,0.0,GURGENDERE-BIGA (CANAKKALE)
210,2024.02.12,22:02:27,38.1137 ,38.4372,5.5 ,0.0,1.8,0.0,KARAGOL-CELIKHAN (ADIYAMAN)
211,2024.02.12,21:43:10,37.9082 ,36.6305,7.2 ,0.0,2.1,0.0,TEKIR-(KAHRAMANMARAS)
212,2024.02.12,21:39:02,37.8910 ,36.4898,9.7 ,0.0,1.6,0.0,DEGIRMENDERE-GOKSUN (KAHRAMANMARAS)
213,2024.02.12,21:36:24,37.8832 ,36.5172,4.0 ,0.0,2.2,0.0,KUMARLI-(KAHRAMANMARAS)
214,2024.02.12,21:13:46,40.3042 ,27.0060,0.0 ,0.0,1.1,0.0,BEYPINAR-LAPSEKI (CANAKKALE)
215,2024.02.12,20:31:53,40.3005 ,27.0585,4.4 ,0.0,1.8,0.0,BALIKLICESME-BIGA (CANAKKALE)
216,2024.02.12,20:26:25,39.8203 ,25.6333,1.7 ,0.0,2.9,0.0,EGE DENIZI
217,2024.02.12,20:25:59,40.2947 ,27.0208,0.6 ,0.0,2.2,0.0,GURGENDERE-BIGA (CANAKKALE)
218,2024.02.12,20:01:58,38.4530 ,39.1910,5.4 ,0.0,1.3,0.0,DEDEYOLU-SIVRICE (ELAZIG)
219,2024.02.12,19:35:17,40.8078 ,28.1810,9.2 ,0.0,1.8,0.0,SILIVRI ACIKLARI-ISTANBUL (MARMARA DENIZI)
220,2024.02.12,19:30:12,37.0122 ,29.0040,2.0 ,0.0,2.9,0.0,KARACAM-KOYCEGIZ (MUGLA)
221,2024.02.12,19:28:05,40.2942 ,27.0417,9.5 ,0.0,1.7,0.0,HISARLI-BIGA (CANAKKALE)
222,2024.02.12,19:26:05,40.2858 ,27.0345,9.3 ,0.0,1.7,0.0,HISARLI-BIGA (CANAKKALE)
223,2024.02.12,18:40:27,38.1778 ,38.3762,2.3 ,0.0,1.4,0.0,ONCU-YESILYURT (MALATYA)
224,2024.02.12,18:29:51,39.0802 ,27.9533,2.3 ,0.0,2.7,0.0,BASLAMIS-AKHISAR (MANISA)
225,2024.02.12,18:23:36,40.3008 ,27.0350,1.3 ,0.0,2.3,0.0,HISARLI-BIGA (CANAKKALE)
226,2024.02.12,18:19:26,36.3970 ,36.2215,1.3 ,0.0,2.6,0.0,UZUNALIC-(HATAY)
227,2024.02.12,18:09:27,37.2900 ,37.0287,6.5 ,0.0,1.5,0.0,AKDEMIR-PAZARCIK (KAHRAMANMARAS)
228,2024.02.12,18:07:44,40.2950 ,27.0410,0.6 ,0.0,1.8,0.0,HISARLI-BIGA (CANAKKALE)
229,2024.02.12,17:56:39,40.2988 ,27.0428,1.2 ,0.0,2.7,0.0,HISARLI-BIGA (CANAKKALE)
230,2024.02.12,17:53:55,40.2977 ,27.0260,1.6 ,0.0,2.0,0.0,HISARLI-BIGA (CANAKKALE)
231,2024.02.12,17:41:09,40.2873 ,27.0305,8.0 ,0.0,1.6,0.0,HISARLI-BIGA (CANAKKALE)
232,2024.02.12,17:37:48,37.8823 ,36.6290,5.4 ,0.0,2.6,2.5,TEKIR-(KAHRAMANMARAS)
233,2024.02.12,17:29:26,40.2935 ,27.0270,3.4 ,0.0,1.9,0.0,HISARLI-BIGA (CANAKKALE)
234,2024.02.12,17:26:43,40.1875 ,31.7695,8.0 ,0.0,2.5,0.0,HIRKATEPE-BEYPAZARI (ANKARA)
235,2024.02.12,17:20:45,40.2682 ,27.0413,9.9 ,0.0,1.7,0.0,KOZCESME-BIGA (CANAKKALE)
236,2024.02.12,17:09:57,38.7965 ,27.4187,9.4 ,0.0,1.8,0.0,SARIALAN-(MANISA)
237,2024.02.12,16:48:44,40.2962 ,27.0268,0.1 ,0.0,2.4,0.0,HISARLI-BIGA (CANAKKALE)
238,2024.02.12,16:43:38,40.2928 ,27.0342,5.0 ,0.0,2.4,0.0,HISARLI-BIGA (CANAKKALE)
239,2024.02.12,16:33:48,40.2958 ,27.0192,9.0 ,0.0,2.2,0.0,GURGENDERE-BIGA (CANAKKALE)
240,2024.02.12,16:32:41,40.3078 ,27.0297,1.8 ,0.0,2.2,0.0,DISBUDAK-LAPSEKI (CANAKKALE)
241,2024.02.12,16:27:19,40.2842 ,27.0417,4.3 ,0.0,2.1,0.0,HISARLI-BIGA (CANAKKALE)
242,2024.02.12,16:24:23,40.2908 ,27.0328,1.1 ,0.0,2.0,0.0,HISARLI-BIGA (CANAKKALE)
243,2024.02.12,16:17:31,40.2907 ,27.0310,2.7 ,0.0,2.0,0.0,HISARLI-BIGA (CANAKKALE)
244,2024.02.12,16:16:32,40.2890 ,27.0243,6.1 ,0.0,2.8,0.0,GURGENDERE-BIGA (CANAKKALE)
245,2024.02.12,16:05:43,40.2888 ,27.0195,9.6 ,0.0,1.7,0.0,GURGENDERE-BIGA (CANAKKALE)
246,2024.02.12,16:05:32,40.2922 ,27.0228,6.0 ,0.0,2.4,0.0,GURGENDERE-BIGA (CANAKKALE)
247,2024.02.12,16:03:52,40.3075 ,27.0200,0.9 ,0.0,1.9,0.0,DISBUDAK-LAPSEKI (CANAKKALE)
248,2024.02.12,15:46:34,38.8118 ,37.3017,7.9 ,0.0,1.5,0.0,CAMLICA-GURUN (SIVAS)
249,2024.02.12,15:34:57,38.1410 ,38.3042,9.0 ,0.0,2.3,0.0,ASAGIKOY-YESILYURT (MALATYA)
250,2024.02.12,15:29:21,38.4523 ,29.1325,7.4 ,0.0,1.4,0.0,GEDIKLER-ULUBEY (USAK)
251,2024.02.12,15:25:16,38.8663 ,37.4078,6.9 ,0.0,2.8,0.0,DAYAKPINAR-GURUN (SIVAS)
252,2024.02.12,15:23:35,40.2962 ,27.0142,7.3 ,0.0,2.1,0.0,GURGENDERE-BIGA (CANAKKALE)
253,2024.02.12,15:14:29,40.2900 ,27.0337,2.9 ,0.0,2.1,0.0,HISARLI-BIGA (CANAKKALE)
254,2024.02.12,15:03:08,40.2868 ,27.0257,4.8 ,0.0,2.0,0.0,HISARLI-BIGA (CANAKKALE)
255,2024.02.12,14:55:29,40.2872 ,27.0293,0.5 ,0.0,2.5,0.0,HISARLI-BIGA (CANAKKALE)
256,2024.02.12,14:53:50,40.2938 ,27.0337,9.1 ,0.0,2.7,0.0,HISARLI-BIGA (CANAKKALE)
257,2024.02.12,14:48:19,40.2965 ,27.0070,3.1 ,0.0,1.9,0.0,GURGENDERE-BIGA (CANAKKALE)
258,2024.02.12,14:13:09,40.2960 ,27.0238,6.4 ,0.0,2.5,0.0,GURGENDERE-BIGA (CANAKKALE)
259,2024.02.12,14:06:04,35.3100 ,33.2702,0.0 ,0.0,1.3,0.0,KIBRIS-GIRNE
260,2024.02.12,13:40:20,38.1360 ,38.2713,3.5 ,0.0,1.5,0.0,ALTINTAS-CELIKHAN (ADIYAMAN)
261,2024.02.12,13:35:13,39.6507 ,29.5497,0.0 ,0.0,1.9,0.0,MUHACIRLER-DOMANIC (KUTAHYA)
262,2024.02.12,13:24:19,39.6417 ,30.7783,0.0 ,0.0,1.6,0.0,YAHNIKAPAN-ODUNPAZARI (ESKISEHIR)
263,2024.02.12,13:21:23,37.0782 ,28.5487,8.2 ,0.0,1.9,0.0,KIYRA-ULA (MUGLA)
264,2024.02.12,13:08:03,40.8243 ,42.8853,2.9 ,0.0,1.8,0.0,KUCUKBOGATEPE-(KARS)
265,2024.02.12,12:44:25,37.9840 ,27.0377,5.6 ,0.0,2.0,0.0,KUSADASI KORFEZI (EGE DENIZI)
266,2024.02.12,12:22:10,38.3270 ,36.9693,9.7 ,0.0,1.3,0.0,IGDEMLIK-AFSIN (KAHRAMANMARAS)
267,2024.02.12,11:53:03,37.8800 ,28.6950,7.6 ,0.0,2.0,0.0,BUCAKKOY-KUYUCAK (AYDIN)
268,2024.02.12,11:36:06,37.2197 ,28.4827,5.6 ,0.0,1.9,0.0,OZLUCE-(MUGLA)
269,2024.02.12,11:26:46,38.4127 ,38.6963,5.7 ,0.0,1.9,0.0,KADIKOY-BASKIL (ELAZIG)
270,2024.02.12,10:52:25,37.3542 ,36.8778,5.0 ,0.0,2.1,0.0,HACIBEBEK-TURKOGLU (KAHRAMANMARAS)
271,2024.02.12,10:30:54,38.3888 ,37.7573,1.4 ,0.0,2.1,0.0,GUNESLI-AKCADAG (MALATYA)
272,2024.02.12,08:44:49,36.1045 ,36.0007,9.6 ,0.0,1.6,0.0,KUSALANI-SAMANDAG (HATAY)
273,2024.02.12,07:46:26,37.3963 ,37.0835,4.0 ,0.0,1.9,0.0,MAKSUTUSAGI-PAZARCIK (KAHRAMANMARAS)
274,2024.02.12,07:05:54,37.1320 ,28.6327,7.1 ,0.0,2.3,0.0,KAVAKCALI-ULA (MUGLA)
275,2024.02.12,06:50:29,38.1808 ,37.9065,6.6 ,0.0,1.7,0.0,KARATERZI-DOGANSEHIR (MALATYA)
276,2024.02.12,06:38:48,38.5127 ,37.5265,5.4 ,0.0,1.4,0.0,GUDUL-DARENDE (MALATYA)
277,2024.02.12,05:53:42,38.3607 ,27.2202,5.0 ,0.0,1.7,0.0,ZAFER-BUCA (IZMIR)
278,2024.02.12,05:27:43,38.1623 ,36.6665,2.0 ,0.0,1.2,0.0,ESENKOY-GOKSUN (KAHRAMANMARAS)
279,2024.02.12,05:18:05,38.0503 ,36.7542,5.8 ,0.0,1.5,0.0,FINDIK-GOKSUN (KAHRAMANMARAS)
280,2024.02.12,04:23:09,38.5217 ,38.0437,5.0 ,0.0,2.1,0.0,ILICAK-AKCADAG (MALATYA)
281,2024.02.12,04:20:20,38.3578 ,37.8247,4.9 ,0.0,1.4,0.0,DURULOVA-AKCADAG (MALATYA)
282,2024.02.12,04:13:08,36.3918 ,36.1813,5.4 ,0.0,0.7,0.0,TAHTAKOPRU-(HATAY)
283,2024.02.12,03:59:58,40.8458 ,42.8492,1.8 ,0.0,1.7,0.0,BALCESME-GOLE (ARDAHAN)
284,2024.02.12,03:55:46,38.5190 ,40.5030,6.8 ,0.0,1.5,0.0,BIRLIK-LICE (DIYARBAKIR)
285,2024.02.12,03:44:38,37.9500 ,27.2073,2.3 ,0.0,1.8,0.0,KUSADASI KORFEZI (EGE DENIZI)
286,2024.02.12,03:32:21,38.2033 ,35.4828,5.3 ,0.0,1.3,0.0,DENIZOVASI-YAHYALI (KAYSERI)
287,2024.02.12,03:23:48,38.4335 ,37.5137,7.1 ,0.0,1.2,0.0,SUGUL-DARENDE (MALATYA)
288,2024.02.12,02:50:29,38.5340 ,37.2577,5.0 ,0.0,1.4,0.0,HORHOR-ELBISTAN (KAHRAMANMARAS)
289,2024.02.12,02:45:58,38.7915 ,37.3883,5.7 ,0.0,1.4,0.0,YUVA-GURUN (SIVAS)
290,2024.02.12,02:16:33,40.7528 ,30.9442,5.4 ,0.0,1.4,0.0,CAY KOYU-GOLYAKA (DUZCE)
291,2024.02.12,02:12:38,38.3598 ,38.9173,4.7 ,0.0,1.5,0.0,GELINDERE-SIVRICE (ELAZIG)
292,2024.02.12,01:55:53,38.4632 ,37.5113,7.0 ,0.0,1.2,0.0,YENICE-DARENDE (MALATYA)
293,2024.02.12,01:31:29,37.3320 ,37.1395,6.0 ,0.0,1.3,0.0,EGLEN-PAZARCIK (KAHRAMANMARAS)
294,2024.02.12,00:31:39,39.2550 ,36.5212,4.6 ,0.0,2.4,0.0,KISLAKOY-SARKISLA (SIVAS)
295,2024.02.12,00:10:30,38.3323 ,38.1943,4.6 ,0.0,1.3,0.0,DURULDU-(MALATYA)
296,2024.02.12,00:07:57,37.1615 ,36.9512,8.6 ,0.0,1.2,0.0,SAKCAGOZE-NURDAGI (GAZIANTEP)
297,2024.02.12,00:07:41,37.6962 ,43.7885,4.2 ,0.0,2.3,0.0,KONAK-(HAKKARI)
298,2024.02.11,23:58:24,38.0852 ,37.3047,6.9 ,0.0,1.9,0.0,OZCANLI-ELBISTAN (KAHRAMANMARAS)
299,2024.02.11,23:41:24,38.5033 ,40.1777,1.8 ,0.0,1.5,0.0,YOGUNBILEK-ARICAK (ELAZIG)
300,2024.02.11,23:36:41,37.6645 ,43.6408,3.9 ,0.0,1.7,0.0,OTLUCA-(HAKKARI)
301,2024.02.11,23:03:01,38.4332 ,37.5215,7.7 ,0.0,1.7,0.0,SUGUL-DARENDE (MALATYA)
302,2024.02.11,22:45:46,37.6163 ,43.3733,5.0 ,0.0,2.1,0.0,AKARSU-BEYTUSSEBAP (SIRNAK)
303,2024.02.11,22:44:10,37.5985 ,43.3668,6.1 ,0.0,2.5,0.0,AKARSU-BEYTUSSEBAP (SIRNAK)
304,2024.02.11,22:43:23,37.5995 ,43.4818,7.1 ,0.0,2.7,0.0,AKKUS-(HAKKARI)
305,2024.02.11,22:39:00,36.6143 ,36.4183,8.3 ,0.0,1.8,0.0,SAYLAK-KIRIKHAN (HATAY)
306,2024.02.11,22:36:52,37.6555 ,43.4655,5.0 ,0.0,2.4,0.0,AKKUS-(HAKKARI)
307,2024.02.11,22:36:14,37.6193 ,43.3398,5.0 ,0.0,2.3,0.0,AKARSU-BEYTUSSEBAP (SIRNAK)
308,2024.02.11,22:25:38,37.6352 ,43.4142,5.0 ,0.0,2.7,0.0,YESILOZ-BEYTUSSEBAP (SIRNAK)
309,2024.02.11,22:20:03,37.8642 ,29.2605,0.3 ,0.0,1.9,0.0,GURLEYIK-HONAZ (DENIZLI)
310,2024.02.11,22:04:39,38.1915 ,38.4353,9.8 ,0.0,1.5,0.0,GULUMUSAGI-(MALATYA)
311,2024.02.11,21:33:21,38.4458 ,37.5247,6.1 ,0.0,1.7,0.0,SUGUL-DARENDE (MALATYA)
312,2024.02.11,21:20:00,37.7822 ,36.3670,2.3 ,0.0,1.3,0.0,CIGSAR-ANDIRIN (KAHRAMANMARAS)
313,2024.02.11,20:31:23,37.2777 ,44.0218,5.8 ,0.0,2.1,0.0,TURKIYE-IRAK SINIR BOLGESI
314,2024.02.11,20:29:42,38.1602 ,38.4588,5.0 ,0.0,1.9,0.0,AKSU-SINCIK (ADIYAMAN)
315,2024.02.11,20:27:40,37.0723 ,28.9230,4.8 ,0.0,1.7,0.0,OTMANLAR-KOYCEGIZ (MUGLA)
316,2024.02.11,20:07:40,39.6413 ,39.7767,1.9 ,0.0,1.6,0.0,DEMIRPINAR-UZUMLU (ERZINCAN)
317,2024.02.11,18:58:19,37.1120 ,28.5970,2.2 ,0.0,1.3,0.0,ARICILAR-ULA (MUGLA)
318,2024.02.11,18:21:52,38.7892 ,37.4668,1.4 ,0.0,2.5,0.0,BAGLICAY-GURUN (SIVAS)
319,2024.02.11,18:19:36,38.2555 ,38.1522,5.0 ,0.0,3.4,3.4,SEYITUSAGI-YESILYURT (MALATYA)
320,2024.02.11,17:55:37,37.9708 ,27.1735,3.8 ,0.0,2.9,0.0,KUSADASI KORFEZI (EGE DENIZI)
321,2024.02.11,17:01:10,37.9430 ,27.2440,4.9 ,0.0,1.7,0.0,ZEYTINKOY-SELCUK (IZMIR)
322,2024.02.11,15:59:14,36.3795 ,36.1872,5.3 ,0.0,1.6,0.0,TAHTAKOPRU-(HATAY)
323,2024.02.11,15:26:24,35.0853 ,24.0258,2.7 ,0.0,2.4,0.0,GIRIT ADASI (AKDENIZ)
324,2024.02.11,15:19:42,38.1782 ,36.7427,3.2 ,0.0,1.4,0.0,YAZIKOY-AFSIN (KAHRAMANMARAS)
325,2024.02.11,14:48:44,37.1338 ,28.5995,9.2 ,0.0,2.1,0.0,ARICILAR-ULA (MUGLA)
326,2024.02.11,14:42:28,40.7660 ,30.9612,3.8 ,0.0,1.9,0.0,AKSU-GOLYAKA (DUZCE)
327,2024.02.11,13:49:22,38.3057 ,37.2800,5.0 ,0.0,2.4,0.0,BUYUKYAPALAK-ELBISTAN (KAHRAMANMARAS)
328,2024.02.11,13:45:03,38.2708 ,38.8095,5.0 ,0.0,1.7,0.0,KARSIYAKA-PUTURGE (MALATYA)
329,2024.02.11,13:05:48,39.3643 ,28.2752,8.4 ,0.0,1.6,0.0,TASKOY-SINDIRGI (BALIKESIR)
330,2024.02.11,12:40:02,37.9417 ,27.2143,8.0 ,0.0,1.5,0.0,KUSADASI KORFEZI (EGE DENIZI)
331,2024.02.11,12:12:41,38.0858 ,36.8895,5.3 ,0.0,2.2,0.0,ERICEK-GOKSUN (KAHRAMANMARAS)
332,2024.02.11,12:12:11,37.2328 ,27.8750,0.0 ,0.0,1.3,0.0,KALINAGIL-MILAS (MUGLA)
333,2024.02.11,12:10:48,37.1988 ,27.8698,0.0 ,0.0,1.3,0.0,KAYADERE-MILAS (MUGLA)
334,2024.02.11,12:08:18,37.0853 ,27.8750,0.0 ,0.0,1.6,0.0,BAYIRKOY-MILAS (MUGLA)
335,2024.02.11,11:57:00,38.3320 ,27.2138,6.6 ,0.0,2.0,0.0,ZAFER-BUCA (IZMIR)
336,2024.02.11,11:54:51,38.8348 ,25.8923,3.0 ,0.0,2.0,0.0,EGE DENIZI
337,2024.02.11,11:29:49,37.9525 ,27.2060,0.3 ,0.0,1.5,0.0,KUSADASI KORFEZI (EGE DENIZI)
338,2024.02.11,11:23:07,39.6675 ,26.2058,7.9 ,0.0,1.8,0.0,TAVAKLI-EZINE (CANAKKALE)
339,2024.02.11,11:16:17,37.8780 ,27.2725,6.2 ,0.0,1.0,0.0,KUSADASI (AYDIN)
340,2024.02.11,11:03:11,38.2018 ,38.5278,5.5 ,0.0,1.8,0.0,GULUMUSAGI-(MALATYA)
341,2024.02.11,10:52:23,37.9497 ,27.2063,0.6 ,0.0,1.3,0.0,KUSADASI KORFEZI (EGE DENIZI)
342,2024.02.11,10:49:44,37.9593 ,27.2082,8.1 ,0.0,2.1,0.0,KUSADASI KORFEZI (EGE DENIZI)
343,2024.02.11,10:45:00,37.0532 ,27.7360,1.8 ,0.0,1.9,0.0,MAZIKOY-BODRUM (MUGLA)
344,2024.02.11,10:14:36,37.9838 ,27.2192,6.5 ,0.0,1.9,0.0,GOLOVA-MENDERES (IZMIR)
345,2024.02.11,10:11:14,37.9537 ,27.1950,5.4 ,0.0,2.4,0.0,KUSADASI KORFEZI (EGE DENIZI)
346,2024.02.11,10:10:51,37.9658 ,27.2248,4.6 ,0.0,2.7,0.0,ZEYTINKOY-SELCUK (IZMIR)
347,2024.02.11,09:11:27,38.0978 ,36.2132,5.5 ,0.0,1.5,0.0,BEYPINARI-SAIMBEYLI (ADANA)
348,2024.02.11,08:58:49,37.3780 ,43.7878,2.6 ,0.0,2.3,0.0,OGUL-(HAKKARI)
349,2024.02.11,08:40:18,38.3112 ,27.2093,3.2 ,0.0,1.0,0.0,KISIK-MENDERES (IZMIR)
350,2024.02.11,08:32:44,38.2805 ,39.1640,4.6 ,0.0,1.2,0.0,UCPINAR-CUNGUS (DIYARBAKIR)
351,2024.02.11,08:28:11,38.4698 ,27.5828,9.7 ,0.0,2.6,0.0,SANCAKLIIGDECIK-(MANISA)
352,2024.02.11,08:03:49,38.4815 ,41.9210,9.1 ,0.0,1.9,0.0,CEVIZYATAGI-GUROYMAK (BITLIS)
353,2024.02.11,08:02:05,37.9880 ,36.4402,8.1 ,0.0,1.3,0.0,YIRICEK-GOKSUN (KAHRAMANMARAS)
354,2024.02.11,07:57:19,38.5763 ,40.4507,1.7 ,0.0,1.7,0.0,ECEMIS-LICE (DIYARBAKIR)
355,2024.02.11,07:50:39,37.2500 ,44.0823,3.5 ,0.0,2.3,0.0,TURKIYE-IRAK SINIR BOLGESI
356,2024.02.11,07:36:33,37.3998 ,43.7743,2.2 ,0.0,4.5,0.0,OGUL-(HAKKARI)
357,2024.02.11,07:33:16,37.4315 ,37.1303,5.0 ,0.0,1.6,0.0,ESKINARLI-PAZARCIK (KAHRAMANMARAS)
358,2024.02.11,07:23:07,37.9845 ,27.1260,4.6 ,0.0,2.2,0.0,KUSADASI KORFEZI (EGE DENIZI)
359,2024.02.11,07:04:20,38.3678 ,39.4245,2.8 ,0.0,1.7,0.0,YILDIZHAN-MADEN (ELAZIG)
360,2024.02.11,06:57:17,38.1103 ,37.1488,8.4 ,0.0,1.5,0.0,GUPLUCE-ELBISTAN (KAHRAMANMARAS)
361,2024.02.11,05:45:56,37.8890 ,27.1463,6.8 ,0.0,1.0,0.0,KUSADASI KORFEZI (EGE DENIZI)
362,2024.02.11,05:39:06,37.9633 ,27.1530,2.1 ,0.0,1.2,0.0,KUSADASI KORFEZI (EGE DENIZI)
363,2024.02.11,05:37:19,37.4713 ,37.1347,8.2 ,0.0,0.8,0.0,SEYRANTEPE-PAZARCIK (KAHRAMANMARAS)
364,2024.02.11,05:33:30,40.4100 ,33.4982,1.2 ,0.0,2.4,0.0,HISARCIKKAYI-ELDIVAN (CANKIRI)
365,2024.02.11,05:29:55,35.9397 ,35.7870,5.0 ,0.0,1.8,0.0,AKDENIZ
366,2024.02.11,04:49:49,37.7348 ,35.6577,0.0 ,0.0,0.9,0.0,YUKARIKECILI-KOZAN (ADANA)
367,2024.02.11,04:34:31,37.8402 ,36.7173,5.2 ,0.0,1.2,0.0,SAHINKAYASI-(KAHRAMANMARAS)
368,2024.02.11,04:19:38,39.4095 ,35.6483,5.0 ,0.0,1.7,0.0,KALETEPE-CAYIRALAN (YOZGAT)
369,2024.02.11,03:59:29,39.2192 ,25.8657,8.7 ,0.0,2.0,0.0,MIDILLI ADASI (EGE DENIZI)
370,2024.02.11,03:54:04,38.8142 ,37.5115,5.0 ,0.0,2.2,0.0,BAGLICAY-GURUN (SIVAS)
371,2024.02.11,03:40:31,36.1165 ,36.2040,5.0 ,0.0,1.0,0.0,KAMBERLI-ALTINOZU (HATAY)
372,2024.02.11,03:25:39,39.3642 ,28.2407,6.2 ,0.0,2.1,0.0,TASKOY-SINDIRGI (BALIKESIR)
373,2024.02.11,03:22:32,37.8722 ,27.3267,5.4 ,0.0,1.7,0.0,SULTANIYE-SELCUK (IZMIR)
374,2024.02.11,03:16:45,34.8210 ,22.4208,3.2 ,0.0,4.0,0.0,GIRIT ADASI (AKDENIZ)
375,2024.02.11,02:47:47,38.7603 ,37.4848,5.6 ,0.0,1.1,0.0,AYVALI-GURUN (SIVAS)
376,2024.02.11,02:41:20,39.2137 ,27.5503,5.0 ,0.0,1.3,0.0,DUALAR-SOMA (MANISA)
377,2024.02.11,02:20:00,38.4130 ,39.3077,5.0 ,0.0,0.8,0.0,YEDIKARDES-SIVRICE (ELAZIG)
378,2024.02.11,02:02:46,36.8038 ,44.1028,1.2 ,0.0,2.8,0.0,IRAK
379,2024.02.11,01:07:26,40.4363 ,28.9227,5.0 ,0.0,1.4,0.0,GEMLIK KORFEZI (MARMARA DENIZI)
380,2024.02.11,00:48:50,37.9440 ,36.1703,2.0 ,0.0,1.5,0.0,EYUPLU-SAIMBEYLI (ADANA)
381,2024.02.11,00:45:13,37.8882 ,36.2343,3.8 ,0.0,1.5,0.0,AKSAAGAC-SAIMBEYLI (ADANA)
382,2024.02.11,00:42:27,39.1535 ,25.7497,7.0 ,0.0,1.6,0.0,EGE DENIZI
383,2024.02.11,00:22:38,37.8165 ,36.0673,1.9 ,0.0,1.3,0.0,KOVUKCINAR-FEKE (ADANA)
384,2024.02.11,00:21:19,37.5668 ,35.3298,1.4 ,0.0,1.2,0.0,KABASAKAL-ALADAG (ADANA)
385,2024.02.11,00:19:10,39.4220 ,39.0387,7.6 ,0.0,1.3,0.0,ZIYARET-OVACIK (TUNCELI)
386,2024.02.11,00:01:44,40.5283 ,33.5113,5.0 ,0.0,1.6,0.0,ELDIVAN (CANKIRI)
387,2024.02.10,23:55:33,37.3035 ,29.5458,4.4 ,0.0,1.7,0.0,KUMAFSARI-ACIPAYAM (DENIZLI)
388,2024.02.10,23:50:02,37.3227 ,37.1977,5.0 ,0.0,1.4,0.0,BASCESME-PAZARCIK (KAHRAMANMARAS)
389,2024.02.10,23:46:31,37.8592 ,36.7047,8.4 ,0.0,1.3,0.0,SAHINKAYASI-(KAHRAMANMARAS)
390,2024.02.10,23:39:13,39.8172 ,27.2507,5.4 ,0.0,2.0,0.0,UCKABAAGAC-YENICE (CANAKKALE)
391,2024.02.10,23:35:00,38.1778 ,37.8772,1.8 ,0.0,1.6,0.0,POLAT-DOGANSEHIR (MALATYA)
392,2024.02.10,23:25:06,40.4968 ,33.4245,5.1 ,0.0,2.7,0.0,CAPAR-SABANOZU (CANKIRI)
393,2024.02.10,22:48:04,38.1835 ,38.5400,9.7 ,0.0,1.6,0.0,ULUKOY-(MALATYA)
394,2024.02.10,20:29:37,38.5455 ,40.6312,5.4 ,0.0,2.2,0.0,SAYDAMLI-LICE (DIYARBAKIR)
395,2024.02.10,20:10:54,38.0287 ,36.1368,3.9 ,0.0,1.4,0.0,SAIMBEYLI (ADANA)
396,2024.02.10,20:05:12,40.3313 ,27.0257,4.1 ,0.0,1.9,0.0,CELIKGURU-BIGA (CANAKKALE)
397,2024.02.10,19:57:02,36.3172 ,28.9145,5.0 ,0.0,1.2,0.0,OLUDENIZ ACIKLARI-MUGLA (AKDENIZ)
398,2024.02.10,19:48:53,38.2668 ,38.7677,5.4 ,0.0,1.8,0.0,BALPINARI-PUTURGE (MALATYA)
399,2024.02.10,19:35:01,38.2300 ,38.6762,2.7 ,0.0,1.8,0.0,KOKPINAR-PUTURGE (MALATYA)
400,2024.02.10,19:16:39,38.3180 ,38.2437,7.7 ,0.0,1.1,0.0,BOSTANBASI-YESILYURT (MALATYA)
401,2024.02.10,18:32:34,38.3125 ,38.1865,0.0 ,0.0,1.3,0.0,IKIZCE-YESILYURT (MALATYA)
402,2024.02.10,18:32:03,38.1813 ,38.2590,5.2 ,0.0,1.8,0.0,KADIRUSAGI-YESILYURT (MALATYA)
403,2024.02.10,18:20:50,38.1195 ,36.5378,7.2 ,0.0,1.4,0.0,CAMDERE-GOKSUN (KAHRAMANMARAS)
404,2024.02.10,17:55:27,39.0862 ,25.8137,5.0 ,0.0,2.5,0.0,EGE DENIZI
405,2024.02.10,17:54:59,39.3588 ,38.4397,0.9 ,0.0,1.4,0.0,GUMUSCESME-KEMALIYE (ERZINCAN)
406,2024.02.10,17:38:53,38.7338 ,30.5823,5.5 ,0.0,2.0,0.0,ATAKOY-(AFYONKARAHISAR)
407,2024.02.10,17:32:19,35.8933 ,28.1165,6.9 ,0.0,3.1,2.8,AKDENIZ
408,2024.02.10,17:00:01,38.8288 ,26.3655,8.8 ,0.0,2.0,0.0,EGE DENIZI
409,2024.02.10,16:15:32,38.9360 ,29.2673,3.9 ,0.0,1.8,0.0,ILICASU-GEDIZ (KUTAHYA)
410,2024.02.10,15:58:13,40.8875 ,31.6418,5.4 ,0.0,2.0,0.0,YESILCELE-(BOLU)
411,2024.02.10,15:42:10,38.1223 ,37.1210,5.0 ,0.0,3.4,3.3,ORTAOREN-EKINOZU (KAHRAMANMARAS)
412,2024.02.10,15:27:07,40.1997 ,31.7663,5.9 ,0.0,2.4,0.0,HIRKATEPE-BEYPAZARI (ANKARA)
413,2024.02.10,15:26:26,38.0928 ,36.6617,0.2 ,0.0,1.7,0.0,KARAOMER-GOKSUN (KAHRAMANMARAS)
414,2024.02.10,14:55:01,38.2245 ,38.6233,6.9 ,0.0,2.3,0.0,SOGUTLU-PUTURGE (MALATYA)
415,2024.02.10,14:10:55,35.4703 ,27.3767,5.4 ,0.0,2.5,0.0,AKDENIZ
416,2024.02.10,14:09:20,38.2192 ,38.5867,9.1 ,0.0,2.1,0.0,SOGUTLU-PUTURGE (MALATYA)
417,2024.02.10,13:55:58,39.9405 ,39.0438,1.9 ,0.0,2.0,0.0,KIZILENIS-REFAHIYE (ERZINCAN)
418,2024.02.10,13:51:52,40.7740 ,40.5218,4.0 ,0.0,1.7,0.0,IHLAMUR-IKIZDERE (RIZE)
419,2024.02.10,13:16:52,38.2967 ,37.8262,7.6 ,0.0,2.2,0.0,ORTAKOY-AKCADAG (MALATYA)
420,2024.02.10,13:07:13,36.9235 ,28.2908,5.4 ,0.0,1.6,0.0,BELDIBI-MARMARIS (MUGLA)
421,2024.02.10,13:04:04,38.1917 ,37.7035,1.9 ,0.0,1.3,0.0,ATMALIKASANLI-ELBISTAN (KAHRAMANMARAS)
422,2024.02.10,12:50:41,37.7718 ,35.3415,5.0 ,0.0,1.5,0.0,KAPUZBASI-YAHYALI (KAYSERI)
423,2024.02.10,12:36:14,38.0717 ,38.3340,4.0 ,0.0,1.3,0.0,TASDAMLAR-CELIKHAN (ADIYAMAN)
424,2024.02.10,12:31:30,37.9450 ,36.6218,5.2 ,0.0,1.5,0.0,KURUCAOVA-(KAHRAMANMARAS)
425,2024.02.10,12:04:36,34.5160 ,24.7532,5.0 ,0.0,1.9,0.0,GIRIT ADASI ACIKLARI (AKDENIZ)
426,2024.02.10,11:53:52,36.2653 ,33.7038,0.0 ,0.0,1.1,0.0,ISIKLI-SILIFKE (MERSIN)
427,2024.02.10,11:52:23,37.6535 ,35.8403,7.2 ,0.0,1.8,0.0,CAMDERE-KOZAN (ADANA)
428,2024.02.10,11:25:53,38.4753 ,39.5995,2.1 ,0.0,2.1,0.0,TEKEVLER-MADEN (ELAZIG)
429,2024.02.10,11:22:13,37.8362 ,36.6327,1.5 ,0.0,1.9,0.0,DONGEL-(KAHRAMANMARAS)
430,2024.02.10,10:47:40,38.1370 ,37.0030,5.9 ,0.0,2.0,0.0,YAZIDERE-AFSIN (KAHRAMANMARAS)
431,2024.02.10,10:39:21,38.9033 ,36.9317,4.3 ,0.0,1.1,0.0,ERDOGAN-GURUN (SIVAS)
432,2024.02.10,10:22:38,38.0965 ,38.4700,7.6 ,0.0,2.0,0.0,KARAKOSE-SINCIK (ADIYAMAN)
433,2024.02.10,09:34:20,38.3453 ,37.6622,5.8 ,0.0,1.6,0.0,DARICA-AKCADAG (MALATYA)
434,2024.02.10,09:30:16,38.0637 ,36.6182,5.5 ,0.0,1.7,0.0,HACIOMER-GOKSUN (KAHRAMANMARAS)
435,2024.02.10,08:52:16,38.8225 ,37.5627,5.0 ,0.0,1.0,0.0,ILISULUK-KULUNCAK (MALATYA)
436,2024.02.10,08:36:15,38.7892 ,26.6263,6.5 ,0.0,2.0,0.0,EGE DENIZI
437,2024.02.10,08:31:08,37.8880 ,36.2272,3.6 ,0.0,1.2,0.0,AKSAAGAC-SAIMBEYLI (ADANA)
438,2024.02.10,07:47:16,38.0662 ,36.4422,5.0 ,0.0,2.2,0.0,CAGLAYAN-GOKSUN (KAHRAMANMARAS)
439,2024.02.10,07:44:38,34.9577 ,24.4590,5.0 ,0.0,1.8,0.0,GIRIT ADASI ACIKLARI (AKDENIZ)
440,2024.02.10,07:30:05,38.1835 ,38.3770,1.5 ,0.0,1.3,0.0,ONCU-YESILYURT (MALATYA)
441,2024.02.10,07:21:30,38.1318 ,36.9832,5.0 ,0.0,3.6,3.5,YAZIDERE-AFSIN (KAHRAMANMARAS)
442,2024.02.10,07:17:22,38.3610 ,37.4913,7.3 ,0.0,1.5,0.0,YOGUNSOGUT-ELBISTAN (KAHRAMANMARAS)
443,2024.02.10,06:28:10,37.0813 ,28.9408,6.1 ,0.0,2.8,0.0,OTMANLAR-KOYCEGIZ (MUGLA)
444,2024.02.10,05:57:33,37.7543 ,35.0490,5.0 ,0.0,1.7,0.0,ELEKGOLU-CAMARDI (NIGDE)
445,2024.02.10,05:37:06,35.0933 ,25.1815,5.2 ,0.0,3.1,0.0,GIRIT ADASI (AKDENIZ)
446,2024.02.10,05:23:58,38.2753 ,36.1070,5.0 ,0.0,1.4,0.0,KOCCAGIZ-TUFANBEYLI (ADANA)
447,2024.02.10,05:19:08,36.2932 ,36.1737,5.0 ,0.0,1.1,0.0,ALAZI-(HATAY)
448,2024.02.10,04:34:32,37.1570 ,36.6520,5.3 ,0.0,1.4,0.0,KIZLAC-BAHCE (OSMANIYE)
449,2024.02.10,04:26:12,37.7303 ,26.8358,7.2 ,0.0,1.5,0.0,SISAM ADASI (EGE DENIZI)
450,2024.02.10,04:14:12,38.3412 ,38.2608,4.9 ,0.0,1.1,0.0,BOSTANBASI-YESILYURT (MALATYA)
451,2024.02.10,03:39:55,39.4867 ,28.0467,1.8 ,0.0,1.5,0.0,COMLEKCI-BIGADIC (BALIKESIR)
452,2024.02.10,02:58:47,37.8910 ,26.8453,7.1 ,0.0,1.6,0.0,KUSADASI KORFEZI (EGE DENIZI)
453,2024.02.10,02:57:27,36.9355 ,36.8402,4.8 ,0.0,2.0,0.0,BURUNSUZLAR-ISLAHIYE (GAZIANTEP)
454,2024.02.10,02:38:51,38.1272 ,37.8192,1.9 ,0.0,1.4,0.0,FINDIKKOY-DOGANSEHIR (MALATYA)
455,2024.02.10,02:33:07,37.3865 ,37.1908,2.7 ,0.0,1.9,0.0,CIGDEMTEPE-PAZARCIK (KAHRAMANMARAS)
456,2024.02.10,02:25:04,34.3217 ,24.2677,1.9 ,0.0,2.9,0.0,GIRIT ADASI ACIKLARI (AKDENIZ)
457,2024.02.10,02:18:01,37.4457 ,37.1493,5.2 ,0.0,2.1,0.0,ESKINARLI-PAZARCIK (KAHRAMANMARAS)
458,2024.02.10,02:11:35,40.5193 ,27.5173,7.1 ,0.0,1.3,0.0,AVSA-MARMARA (BALIKESIR)
459,2024.02.10,02:10:57,38.4362 ,41.8265,1.1 ,0.0,1.9,0.0,ALATOPRAK-MUTKI (BITLIS)
460,2024.02.10,02:02:54,37.9690 ,36.3765,7.5 ,0.0,1.1,0.0,SIRMALI-GOKSUN (KAHRAMANMARAS)
461,2024.02.10,01:48:53,34.4513 ,24.7843,3.9 ,0.0,2.8,0.0,GIRIT ADASI ACIKLARI (AKDENIZ)
462,2024.02.10,01:44:48,34.4072 ,24.7937,5.2 ,0.0,2.8,0.0,GIRIT ADASI ACIKLARI (AKDENIZ)
463,2024.02.10,01:01:14,38.4348 ,37.5763,4.9 ,0.0,1.1,0.0,ASAGIULUPINAR-DARENDE (MALATYA)
464,2024.02.10,00:14:54,38.8132 ,37.5187,2.5 ,0.0,1.4,0.0,BAGLICAY-GURUN (SIVAS)
465,2024.02.09,23:58:09,38.0983 ,37.4712,6.1 ,0.0,2.3,0.0,SUNNETKOY-ELBISTAN (KAHRAMANMARAS)
466,2024.02.09,23:52:16,37.9325 ,27.5978,5.0 ,0.0,1.3,0.0,CAMKOY-GERMENCIK (AYDIN)
467,2024.02.09,23:49:16,40.0852 ,40.8290,5.0 ,0.0,2.5,2.5,MEZREA-ASKALE (ERZURUM)
468,2024.02.09,23:26:27,38.3152 ,38.2132,3.7 ,0.0,2.8,0.0,YAKINCA-YESILYURT (MALATYA)
469,2024.02.09,23:20:58,39.9645 ,23.7267,5.0 ,0.0,1.8,0.0,YUNANISTAN
470,2024.02.09,22:55:59,39.5938 ,38.6750,7.5 ,0.0,1.6,0.0,YAYLAPINAR-ILIC (ERZINCAN)
471,2024.02.09,22:12:42,38.4397 ,37.3375,2.2 ,0.0,1.4,0.0,GAZIKOY-DARENDE (MALATYA)
472,2024.02.09,21:59:10,38.3163 ,37.8265,6.0 ,0.0,1.8,0.0,KAHYALI-AKCADAG (MALATYA)
473,2024.02.09,21:33:45,38.1837 ,38.5693,2.4 ,0.0,2.0,0.0,ULUKOY-(MALATYA)
474,2024.02.09,20:43:52,38.8202 ,37.4330,2.6 ,0.0,1.4,0.0,KULAHLI-GURUN (SIVAS)
475,2024.02.09,20:37:40,38.6400 ,39.5315,6.9 ,0.0,1.7,0.0,ICME-(ELAZIG)
476,2024.02.09,20:11:39,37.8947 ,36.6768,8.9 ,0.0,2.1,0.0,TEKIR-(KAHRAMANMARAS)
477,2024.02.09,20:10:29,37.7313 ,36.0870,7.0 ,0.0,1.6,0.0,AKOLUK-FEKE (ADANA)
478,2024.02.09,17:50:50,39.9047 ,28.8930,0.0 ,0.0,1.5,0.0,GUMUSPINAR-ORHANELI (BURSA)
479,2024.02.09,17:41:05,37.6947 ,29.4870,5.3 ,0.0,1.1,0.0,KARACAY-HONAZ (DENIZLI)
480,2024.02.09,17:37:36,38.0760 ,38.0932,7.6 ,0.0,1.5,0.0,YALINKAYA-YESILYURT (MALATYA)
481,2024.02.09,17:06:58,34.7993 ,23.7813,6.6 ,0.0,2.8,0.0,GIRIT ADASI (AKDENIZ)
482,2024.02.09,15:05:11,37.5087 ,28.9293,2.5 ,0.0,1.3,0.0,ALTINOVA-TAVAS (DENIZLI)
483,2024.02.09,14:54:30,39.5868 ,38.6165,7.6 ,0.0,2.2,0.0,SULARBASI-ILIC (ERZINCAN)
484,2024.02.09,13:35:14,37.9517 ,36.1812,5.4 ,0.0,1.9,0.0,KALEBOYNU-GOKSUN (KAHRAMANMARAS)
485,2024.02.09,13:16:22,36.7698 ,31.2543,6.6 ,0.0,1.8,0.0,SIDE ACIKLARI-ANTALYA (AKDENIZ)
486,2024.02.09,13:00:41,37.8978 ,29.1477,1.7 ,0.0,1.3,0.0,YENIKOY-(DENIZLI)
487,2024.02.09,12:57:28,38.0968 ,37.6188,5.4 ,0.0,1.7,0.0,TAPKIRANKALE-ELBISTAN (KAHRAMANMARAS)
488,2024.02.09,12:56:02,36.7150 ,36.3525,8.3 ,0.0,1.9,0.0,GUVENC-HASSA (HATAY)
489,2024.02.09,12:45:17,39.6023 ,29.5358,6.8 ,0.0,1.8,0.0,TUNCBILEK-TAVSANLI (KUTAHYA)
490,2024.02.09,11:59:58,36.4657 ,28.6548,1.1 ,0.0,2.2,0.0,AKDENIZ
491,2024.02.09,10:42:53,38.3480 ,36.3648,6.1 ,0.0,2.0,0.0,MOLLAHUSUYINLER-SARIZ (KAYSERI)
492,2024.02.09,10:41:34,36.4720 ,36.5352,6.6 ,0.0,1.5,0.0,SUCUKOY-KIRIKHAN (HATAY)
493,2024.02.09,10:35:15,37.7918 ,36.2020,8.0 ,0.0,1.4,0.0,HALILBEYLI-SAIMBEYLI (ADANA)
494,2024.02.09,10:31:29,37.8198 ,36.1293,5.4 ,0.0,1.5,0.0,AYVACIK-SAIMBEYLI (ADANA)
495,2024.02.09,10:23:11,37.3897 ,38.7372,5.0 ,0.0,2.4,0.0,SEKER-(SANLIURFA)
496,2024.02.09,10:14:20,35.1510 ,24.3175,5.0 ,0.0,2.5,0.0,GIRIT ADASI (AKDENIZ)
497,2024.02.09,09:49:48,38.0743 ,36.6943,8.8 ,0.0,1.4,0.0,FINDIK-GOKSUN (KAHRAMANMARAS)
498,2024.02.09,09:41:38,37.9610 ,27.1448,5.4 ,0.0,2.0,0.0,KUSADASI KORFEZI (EGE DENIZI)
499,2024.02.09,09:24:45,40.8887 ,31.6967,4.1 ,0.0,2.0,0.0,MESCICELE-(BOLU)
500,2024.02.09,09:08:16,35.1797 ,24.4022,3.1 ,0.0,2.2,0.0,GIRIT ADASI (AKDENIZ)
501,2024.02.09,08:57:12,38.0383 ,37.5697,5.3 ,0.0,1.5,0.0,GOVDELI-DOGANSEHIR (MALATYA)
502,2024.02.09,08:56:27,38.3332 ,37.7835,0.1 ,0.0,1.5,0.0,KAHYALI-AKCADAG (MALATYA)
503,2024.02.09,08:49:10,35.6945 ,23.7623,5.0 ,0.0,2.2,0.0,GIRIT ADASI (AKDENIZ)
504,2024.02.09,07:44:57,34.1812 ,24.0785,3.7 ,0.0,2.4,0.0,GIRIT ADASI ACIKLARI (AKDENIZ)
505,2024.02.09,07:13:40,38.6397 ,38.0180,7.1 ,0.0,1.6,0.0,TAHTALI-YAZIHAN (MALATYA)
506,2024.02.09,06:58:04,38.1750 ,38.5137,5.0 ,0.0,2.0,0.0,ULUKOY-(MALATYA)
